sentence_id,segment,creativity_score,ter,sentence,gandolfo,guerberof,original_stats_char_count,original_stats_token_count,original_stats_sentence_count,original_stats_avg_word_length,translation_stats_avg_char_count,translation_stats_avg_token_count,translation_stats_avg_sentence_count,translation_stats_avg_word_length,translation_stats_std_char_count,translation_stats_std_token_count,translation_stats_min_token_count,translation_stats_max_token_count,length_ratio_stats_avg_length_ratio,length_ratio_stats_std_length_ratio,length_ratio_stats_min_length_ratio,length_ratio_stats_max_length_ratio
95,116,2.3710302463229858,0.9166666666666669,"""Good gravy, no!"" she said.","-¡Demonios, no!","—Pero ¡qué va, por Dios!",27,10,2,2.5,24.25,7.5,1.5,2.981331168831169,6.722164829874376,2.5,4,11,0.75,0.25,0.4,1.1
71,88,2.281966163869663,0.9027777777777778,"""Skip it,"" he said.",-No importa –dijo él.,"—No, nada, mis cosas —le respondió.",19,8,1,2.25,26.25,7.0,1.0,3.347916666666667,7.46240577829965,1.5811388300841898,5,9,0.875,0.1976423537605237,0.625,1.125
121,145,2.19290208141634,0.888888888888889,"Triplets!"""" she said.",-¡Trillizos!,—¡Trillizos!,21,7,2,3.0,21.75,5.0,1.5,4.84375,10.059199769365357,3.0,2,8,0.7142857142857142,0.4285714285714285,0.2857142857142857,1.1428571428571428
69,86,2.148370040189679,0.8819444444444445,"""And you dunk people,"" he said.",-Y ustedes los tucanes.,"—Ah, usted es la que corta cabezas —dijo el pintor.",31,10,1,2.8,34.5,9.25,1.0,3.2750000000000004,10.805091392487157,2.5860201081971503,5,12,0.925,0.258602010819715,0.5,1.2
72,89,1.8854189396132008,0.8409391534391534,"That sure is a beautiful picture,"""" she said.","-Bueno, ése sí que es un hermoso cuadro –dijo ella-.",—¡Qué cuadro tan bonito! ~~~ —dijo—.,45,12,1,3.333333333333333,46.0,11.75,1.25,3.378787878787879,8.74642784226795,2.8613807855648994,8,16,0.9791666666666664,0.2384483987970749,0.6666666666666666,1.3333333333333333
51,67,1.7636626840371308,0.8219521604938271,"A do-it-yourselfer, eh?"""" said the orderly.",–dijo el ordenanza-.,"—Ah, un autodidacta, ¿eh? ~~~ —dijo el celador—.",43,11,2,3.636363636363636,40.75,10.25,1.75,3.664231601731602,12.397076268217438,3.766629793329841,4,14,0.9318181818181818,0.3424208903027128,0.3636363636363636,1.2727272727272727
80,97,1.6712410270468774,0.8075396825396826,We've got a few choice ones left.,Nos quedan algunos para elegir.,Aún nos quedan varias opciones de primera.,33,9,1,3.0,35.0,7.0,1.25,4.338888888888889,10.41633332799983,1.5811388300841898,5,9,0.7777777777777778,0.1756820922315766,0.5555555555555556,1.0
119,143,1.6585175866964028,0.8055555555555556,"""I can't,"" she said.",-No puedo –dijo ella.,—No sé —dijo ella.,20,9,1,2.111111111111111,22.5,6.5,1.0,3.034920634920635,6.18465843842649,1.6583123951777,5,9,0.7222222222222223,0.1842569327975222,0.5555555555555556,1.0
138,164,1.6436735729541827,0.8032407407407408,"""Hooray,"" said Wehling emptily.",-Hurra –dijo Wehling con voz hueca.,—¡Hurra! ~~~ —dijo Quejada sin entusiasmo.,31,8,1,3.75,36.5,8.25,1.25,3.9901785714285714,3.3541019662496847,1.0897247358851685,7,10,1.03125,0.136215591985646,0.875,1.25
64,81,1.5929565260015954,0.7953317901234568,"A lot would depend on what your business was,"""" he said.",-Gran parte depende de cuál es tu asunto –dijo él-.,—Dependerá de lo que la trae hasta aquí —dijo él—.,56,15,1,3.2,50.25,11.75,1.0,3.628350815850816,1.479019945774904,0.82915619758885,11,13,0.7833333333333333,0.0552770798392567,0.7333333333333333,0.8666666666666667
97,118,1.5917195248564102,0.7951388888888888,"""Ah, You... you admire him, eh?"" he said.","-Ah, lo admiras, ¿eh?","—Ah, usted… lo admira, ¿verdad? ~~~ —dijo él.",41,15,3,2.4,35.0,11.75,2.0,2.538690476190476,9.69535971483266,3.191786333700926,7,16,0.7833333333333332,0.2127857555800617,0.4666666666666667,1.0666666666666669
68,85,1.5842975179853005,0.7939814814814815,She waited.,–Esperó.,— Y esperó.,11,3,1,3.333333333333333,9.5,2.75,1.0,3.3541666666666665,2.0615528128088303,0.82915619758885,2,4,0.9166666666666666,0.2763853991962833,0.6666666666666666,1.3333333333333333
44,55,1.5620314973719691,0.7905092592592592,"There's a good picture of it,"""" he said.",-Ése es un buen ejemplo –dijo-.,—Ahí tienes una buena imagen de la vida —dijo—.,40,13,1,2.6923076923076925,37.0,9.5,1.0,3.361904761904762,7.3484692283495345,1.8027756377319943,7,12,0.7307692307692308,0.1386750490563073,0.5384615384615384,0.9230769230769232
77,94,1.5471874836297497,0.7881944444444445,Yes—here you are.,"Sí, acá estás.","Sí, aquí está.",17,4,1,3.75,15.0,5.0,1.0,2.7,1.224744871391589,0.7071067811865476,4,6,1.25,0.1767766952966369,1.0,1.5
110,132,1.5376449033668929,0.7867063492063492,"What are you doing here?"""" he said.",¿Qué está haciendo aquí? ~~~ –dijo-.,—dijo—.,35,11,2,2.8181818181818183,28.75,7.5,1.75,3.439709595959596,12.871965661856,3.3541019662496847,2,11,0.6818181818181819,0.3049183605681531,0.1818181818181818,1.0
191,228,1.482895553980002,0.7781685906685907,"We could probably fit you in late this afternoon, sir,"""" she said.","-Es probable que podamos anotarlo para última hora de la tarde, señor –dijo ella-.","—Seguramente lo podamos acomodar esta tarde a última hora, señor —dijo—.",66,17,1,3.3529411764705883,80.0,15.5,1.0,4.479991515837105,6.284902544988268,1.5,13,17,0.9117647058823528,0.088235294117647,0.7647058823529411,1.0
94,115,1.4337368071713494,0.7705026455026455,"""That upsets you?"" he said.",-¿Te molesta? ~~~ –dijo él.,—¿Y eso le molesta? ~~~ —dijo él.,27,9,2,2.7777777777777777,32.5,9.0,2.0,3.1214285714285714,4.330127018922194,1.224744871391589,7,10,1.0,0.1360827634879543,0.7777777777777778,1.1111111111111112
96,117,1.4273750869961122,0.769510582010582,"""It's—it's just such an honor.""",–dijo ella-. ~~~ Es… es un honor tan grande.,—dijo—. ~~~ Es… es todo un honor.,31,9,2,3.2222222222222223,32.25,9.25,1.75,2.894570707070707,7.361215932167728,1.0897247358851685,8,11,1.0277777777777777,0.1210805262094632,0.8888888888888888,1.2222222222222223
115,138,1.3642175899650268,0.7596616346616347,"""I sure am honored to be in it with you,"" she said.",-Estoy segura de sentirme honrada de estar en él con usted –dijo ella.,—Es un honor para mí estar junto a usted —dijo ella.,51,16,1,2.625,56.75,13.25,1.0,3.5939529220779223,10.18270592720815,1.920286436967152,11,16,0.828125,0.120017902310447,0.6875,1.0
11,13,1.3467932981097726,0.7569444444444444,The children would be his first.,Serían sus primeros hijos.,Quejada era padre primerizo.,32,7,1,3.857142857142857,30.25,5.75,1.0,4.626190476190477,4.14578098794425,0.82915619758885,5,7,0.8214285714285714,0.1184508853698357,0.7142857142857143,1.0
108,130,1.3319492843675522,0.7546296296296297,"Well, Miss Duncan!","-Caramba, ¡señorita Duncan!, ¡señorita Duncan!","—Pero bueno, ¡señorita Salomé!",18,5,1,3.2,31.25,6.75,1.25,4.208333333333333,8.814051281902097,1.299038105676658,6,9,1.35,0.2598076211353316,1.2,1.8
103,125,1.325764278641627,0.7536651234567902,"That is kind of like what I do,"""" she said.",-Es el tipo de cosa que yo hago –dijo ella.,—Es más o menos lo que hago —dijo.,43,14,1,2.571428571428572,42.5,11.75,1.0,2.963661338661338,6.422616289332565,1.920286436967152,9,14,0.8392857142857143,0.1371633169262251,0.6428571428571429,1.0
0,1,1.3022612568831111,0.75,2BR02B,2 B R 0 2 B,S3R0N0S3R,6,1,1,6.0,9.25,3.5,1.0,4.25,2.0463381929681126,2.5,1,6,3.5,2.5,1.0,6.0
93,114,1.300313399876213,0.7496962460197754,"""Gosh—"" she said, and she blushed and became humble—""that—that puts me right next to Dr. Hitz.""","–dijo-. ~~~ ¿Te gusta un poco? ~~~ -Caramba… -dijo ella, y se ruborizó y se puso humilde-. ~~~ Eso… eso me coloca cerca del Dr. Hitz.",—Madre mía —se sonrojó y dijo modestamente—: pero eso significaría estar junto al doctor Atiza.,95,24,3,3.5,105.5,25.25,3.0,3.610994787236363,15.913830462839549,5.402545696243577,17,31,1.0520833333333337,0.2251060706768157,0.7083333333333334,1.2916666666666667
113,136,1.298550253447556,0.7494212962962963,"Good!"""" said Dr. Hitz heartily.",–dijo el Dr. Hitz con entusiasmo-.,—¡Perfecto! ~~~ —dijo el doctor Atiza con entusiasmo—.,31,9,3,3.2222222222222223,43.5,10.25,2.5,3.775,7.632168761236874,2.48746859276655,7,14,1.1388888888888888,0.2763853991962833,0.7777777777777778,1.5555555555555556
43,54,1.2246836136350787,0.7379023368606703,The painter gestured at a foul dropcloth.,El pintor hizo un gesto hacia un trapo sucio.,El pintor señaló una tela inmunda.,41,8,1,4.375,51.5,10.5,1.0,4.153174603174604,21.43011899173684,4.5,7,18,1.3125,0.5625,0.875,2.25
120,144,1.2131971744297887,0.7361111111111112,"""Triplets!"" he said.",-¡Trillizos! ~~~ –dijo él.,—¡Trillizos! ~~~ —dijo él.,20,7,2,2.857142857142857,27.25,7.25,2.25,3.447916666666667,2.165063509461097,1.299038105676658,6,9,1.0357142857142858,0.1855768722395226,0.8571428571428571,1.2857142857142858
114,137,1.1686651332031277,0.7291666666666667,"And, say, isn't that some picture?""""","Y dígame, ¿no le parece un gran cuadro?",¿A que es un cuadro genial?,36,12,2,2.75,35.75,10.25,1.5,2.9685814185814183,7.854139036202504,2.165063509461097,7,13,0.8541666666666667,0.180421959121758,0.5833333333333334,1.0833333333333333
190,227,1.1577656825532452,0.7274669774669775,"""How soon could I get an appointment?"" he asked, speaking very carefully.","-¿En cuánto tiempo puedo tener una cita? ~~~ –preguntó, hablando con mucho cuidado.",—¿Para cuándo es la primera cita disponible? ~~~ —preguntó con lentitud.,73,17,2,3.764705882352941,80.5,15.75,2.0,4.46834935897436,5.024937810560445,1.7853571071357126,13,18,0.9264705882352942,0.1050210063021007,0.7647058823529411,1.0588235294117647
180,215,1.1542066782594051,0.7269119769119768,"Even grimmer, surely, than a Catbox, a Happy Hooligan, an Easy Go.","Incluso más lúgubres, seguramente, que una Caja del Gato, un Vándalo Feliz, una Salida Fácil.","Con certeza más que el Arenero, Gamberro feliz o Salida fácil.",66,17,1,3.235294117647059,80.0,19.0,1.0,3.597697368421053,11.895377253370318,3.9370039370059056,13,24,1.1176470588235294,0.2315884668827003,0.7647058823529411,1.411764705882353
55,71,1.131110223310846,0.7233102545602546,"The world could do with a good deal more mess, if you ask me,"""" he said.","-El mundo podría arreglárselas con mucho más desprolijidad, si quieres saber mi opinión- dijo.","—A decir verdad, al mundo no le vendrían mal bastantes más complicaciones —dijo.",72,21,1,2.8095238095238093,75.75,16.0,1.0,4.067156862745097,12.295832627357935,0.7071067811865476,15,17,0.7619047619047619,0.0336717514850736,0.7142857142857143,0.8095238095238095
102,124,1.0732393305745676,0.7142857142857144,"Sawing off a limb—that strikes you as appropriate?""",Aserrar una rama: ¿eso te parece adecuado?,¿Le parece apropiado cortando una extremidad?,51,10,2,4.5,44.25,8.25,1.5,4.838293650793651,4.437059837324712,0.82915619758885,7,9,0.825,0.082915619758885,0.7,0.9
86,105,1.0477924498736175,0.7103174603174603,"I mean, I'm in service.","Quiero decir, estoy en servicios.",Quiero decir que yo soy de servicio.,23,8,1,2.375,30.25,7.0,1.0,3.685714285714286,5.629165124598851,1.224744871391589,5,8,0.875,0.1530931089239486,0.625,1.0
137,163,1.0424910163942531,0.7094907407407408,"I'm on my way in to see them now.""""",Estoy yendo a verlos ahora.,"De hecho, iba a verlos ahora.",35,13,2,2.230769230769231,30.25,8.0,1.0,3.189583333333333,5.80409338312195,1.4142135623730951,6,10,0.6153846153846154,0.1087856586440842,0.4615384615384615,0.7692307692307693
52,68,1.035069009523142,0.7083333333333333,"Messy business, Grandpa.","Un asunto desprolijo, abuelo.","Abuelo, es un poco complicado.",24,5,1,4.4,30.75,7.25,1.0,3.825396825396825,1.479019945774904,1.0897247358851685,6,9,1.45,0.2179449471770337,1.2,1.8
109,131,0.9571379373764852,0.6961805555555556,"Miss Duncan!"""" he said, and he made a joke.",–dijo e hizo una broma-.,¡Señorita Salomé! ~~~ —dijo y añadió jocoso—: ¿Qué hace aquí?,43,14,2,2.642857142857143,44.5,10.75,1.75,3.5000000000000004,13.238202294873728,2.7726341266023544,6,13,0.7678571428571429,0.198045294757311,0.4285714285714285,0.9285714285714286
129,154,0.9311609133276,0.6921296296296298,"What's the name?""""",¿Cuál es el apellido?,¿Cómo se llama?,18,7,2,2.571428571428572,18.0,5.0,1.5,3.1708333333333334,2.549509756796392,0.7071067811865476,4,6,0.7142857142857143,0.101015254455221,0.5714285714285714,0.8571428571428571
34,43,0.8933761510746743,0.6862373737373737,"""That's good of Dr. Hitz,"" said the orderly.",-Está muy bien para el Dr. Hitz –dijo el ordenanza.,—¡Qué majo el doctor Atiza! ~~~ —dijo el celador.,44,13,2,3.0,51.75,12.75,2.0,3.4351731601731603,3.112474899497183,1.7853571071357126,11,15,0.9807692307692308,0.1373351620873624,0.8461538461538461,1.1538461538461535
50,66,0.8841548698105682,0.6847993827160495,"When I decide it's time to go,"""" he said, """"it won't be at the Sheepdip.""""","-Cuando decida que es hora de irme –dijo-, no será en el “Antisarna”. ~~~ -Hágalo usted mismo, ¿eh?",—Cuando decida que ha llegado la hora —dijo— no será con Terminator.,74,26,2,2.5384615384615383,78.25,19.5,1.25,3.4748420439209915,13.40475661845451,4.153311931459037,13,24,0.75,0.1597427665945783,0.5,0.9230769230769232
67,84,0.8569408446164978,0.6805555555555557,"My name's Leora Duncan.""",Me llamo Leora Duncan.,Me llamo Salomé García.,24,7,2,3.142857142857143,25.25,6.5,1.25,3.5125,2.7726341266023544,1.5,5,8,0.9285714285714286,0.2142857142857142,0.7142857142857143,1.1428571428571428
150,181,0.8471090952547669,0.6790223665223666,"I want those kids,"""" said Wehling quietly.",-Quiero esos niños –dijo Wehling en voz queda-.,—Yo los quiero a los niños —dijo Quejada en voz baja—.,42,11,1,3.4545454545454546,50.0,11.25,1.0,3.858197358197359,2.7386127875258306,1.479019945774904,9,13,1.0227272727272727,0.1344563587068094,0.8181818181818182,1.181818181818182
91,110,0.8371488262935364,0.6774691358024691,"A snipper, a pruner—that's more your line.","Una francotiradora, una portadora: eso está mal en tu línea.","Una cortadora, una podadora estaría más en su línea.",42,10,1,3.6,57.75,13.0,1.0,3.75,8.78564169540279,1.4142135623730951,11,15,1.3,0.1414213562373094,1.1,1.5
171,205,0.8366186829456005,0.6773864638447973,"There's room for one—a great big one,"" he said.",-Hay espacio para uno… uno grande –dijo.,"—Ya hay lugar para uno, un espacio bien grande —dijo.",47,13,1,3.076923076923077,47.5,11.5,1.0,3.594551282051282,5.315072906367325,2.0615528128088303,8,13,0.8846153846153846,0.1585809856006792,0.6153846153846154,1.0
146,174~~~175,0.8232527529818469,0.6753021453288508,"""Nope,"" said Wehling sulkily. ~~~ A drupelet, Mr. Wehling, is one of the little knobs, one of the little pulpy grains of a blackberry,"""" said Dr. Hitz.","-Una drupéola, señor Wehling, es uno de los pequeños nudos, uno de los granos pulposos de una mora –dijo el Dr. Hitz-.","—Nop —dijo Quejada enfurruñado. ~~~ —Una drupa, señor Quejada, es la parte pequeñita, los granitos carnosos de la mora —dijo el doctor Atiza—.",151,38,4,3.3947368421052637,154.0,34.25,3.0,3.822144134934832,25.80697580112788,7.361215932167728,26,43,0.9013157894736844,0.193716208741256,0.6842105263157895,1.131578947368421
70,87,0.8124088033898358,0.6736111111111112,"""What?"" she said.",-¿Qué? ~~~ –dijo ella.,—¿Cómo? ~~~ —dijo ella.,17,7,2,2.4285714285714284,22.25,6.75,2.0,2.9955357142857144,0.4330127018922193,0.82915619758885,6,8,0.9642857142857144,0.1184508853698357,0.8571428571428571,1.1428571428571428
46,57,0.7956617109627152,0.6709995251661919,"""You're a gloomy old duck, aren't you?"" said the orderly.","-Eres un viejo perro lúgubre, ¿verdad? ~~~ –dijo el ordenanza.","—Es usted unas castañuelas, ¿eh? ~~~ —dijo el celador.",57,17,2,2.9411764705882355,61.25,14.5,2.0,3.6442307692307696,6.832825184358224,2.29128784747792,12,18,0.8529411764705883,0.1347816380869364,0.7058823529411765,1.0588235294117647
4,6,0.7921410153956496,0.6704504985754985,"Death, barring accidents, was an adventure for volunteers.","La muerte, de no ser por accidente, era una aventura para voluntarios.","La muerte, sin contar los accidentes, era una aventura solo apta para voluntarios.",58,11,1,4.636363636363637,68.25,13.25,1.0,4.498023504273505,9.959292143521044,2.680951323690902,9,16,1.2045454545454546,0.2437228476082638,0.8181818181818182,1.4545454545454546
195,233,0.7530327484209537,0.6643518518518519,"""Your city thanks you; your country thanks you; your planet thanks you.","Su ciudad le agradece, su país le agradece, su planeta le agradece.",La ciudad le da las gracias; el país le da las gracias; el planeta le da las gracias.,71,16,1,3.8125,74.25,17.75,1.0,3.4780545112781955,7.327175444876422,2.384848003542364,15,21,1.109375,0.1490530002213977,0.9375,1.3125
3,4~~~5,0.7395381904734808,0.6622474747474748,All diseases were conquered. ~~~ So was old age.,Se había derrotado todas las enfermedades. ~~~ La vejez también.,"No solo se había erradicado la enfermedad, sino también la vejez.",48,11,2,3.636363636363636,70.0,13.0,1.75,4.610119047619048,6.041522986797286,0.7071067811865476,12,14,1.1818181818181817,0.0642824346533225,1.0909090909090908,1.2727272727272727
194,232,0.7381887346787327,0.662037037037037,"Thank you, sir,"""" said the hostess.","-Gracias, señor –dijo la azafata-.","—Muchas gracias, señor —dijo la azafata—.",35,11,1,2.909090909090909,36.5,8.75,1.0,3.821428571428571,2.8722813232690143,1.299038105676658,7,10,0.7954545454545454,0.1180943732433325,0.6363636363636364,0.9090909090909092
101,123,0.674027438437688,0.6520315545808967,"""Nothing would please me more,"" said the painter, ""than to put you next to him for all time.",-Nada me agradaría más –dijo el pintor- que ponerte cerca de él para toda la eternidad.,—No se me ocurre un placer más grande —dijo el pintor— que pintarla junto a él para la posteridad.,92,24,1,3.25,86.25,19.5,1.0,3.717752100840336,7.660776723022281,1.5,17,21,0.8125,0.0624999999999999,0.7083333333333334,0.875
163,196,0.6526929247595978,0.648704594017094,"This child of yours—whichever one you decide to keep, Mr. Wehling,"""" said Dr. Hitz.","-Este chico suyo… ¿cuál decide conservar, señor Wehling? ~~~ –dijo el Dr. Hetz-.","—Este hijo suyo, el que al fin decida conservar, señor Quejada —dijo el doctor Atiza—.",83,19,3,3.789473684210526,83.25,17.75,2.0,3.9635416666666665,6.378675411086537,2.0463381929681126,16,21,0.9342105263157894,0.1077020101562165,0.8421052631578947,1.105263157894737
126,151,0.6385217852666811,0.646494708994709,"I don't think they made it,"""" she said.",-No creo que lo logren –dijo ella-.,—Creo que no lo consiguieron —dijo—.,39,13,1,2.6153846153846154,37.5,9.5,1.0,3.492559523809524,2.692582403567252,2.0615528128088303,7,12,0.7307692307692308,0.1585809856006792,0.5384615384615384,0.9230769230769232
153,184,0.6268586316120796,0.6446759259259259,"That's only human.""""",Es humano.,Desearlos es humano.,20,7,2,2.857142857142857,16.75,5.0,1.25,3.172619047619048,4.322904116447646,1.5811388300841898,3,7,0.7142857142857143,0.2258769757263128,0.4285714285714285,1.0
173,207,0.6263284882641437,0.6445932539682541,"It's only death,"""" he said to her as she fell.",-Es sólo muerte –le dijo mientras caía-.,—Tan solo es morirse —le dijo mientras caía al suelo—.,46,15,1,2.6,46.25,11.0,1.0,3.6461247086247086,5.3091901453988255,1.8708286933869709,8,13,0.7333333333333334,0.1247219128924647,0.5333333333333333,0.8666666666666667
104,126,0.6189064813930333,0.6434358465608466,She was demure about what she did.,Era recatada con lo que hacía.,Hablaba de su profesión con modestia.,34,8,1,3.5,35.25,7.5,1.0,3.9419642857142856,3.112474899497183,0.5,7,8,0.9375,0.0625,0.875,1.0
16,19~~~20,0.5998883161848617,0.6404701035118991,The room was being redecorated. ~~~ It was being redecorated as a memorial to a man who had volunteered to die.,Estaban redecorando el cuarto. ~~~ Lo estaban redecorando en memoria de un hombre que había muerto voluntariamente.,Se estaba renovando la sala para conmemorar a un hombre que se había ofrecido voluntario para morir.,111,23,2,3.9565217391304346,121.75,20.5,1.75,5.064536340852131,15.610493265749165,2.29128784747792,18,24,0.8913043478260869,0.0996212107599095,0.782608695652174,1.0434782608695652
30,39,0.57819171942459,0.6370866787533455,"Looks so real,"""" he said, """"I can practically imagine I'm standing in the middle of it.""""",-Parece tan real –dijo-. ~~~ Prácticamente puedo imaginar que estoy ahí.,—Parece tan real —dijo—. ~~~ Es que me puedo imaginar ahí mismo en el medio de ese jardín.,89,26,2,3.076923076923077,84.5,18.5,1.5,3.995879120879121,7.566372975210778,3.2015621187164243,13,21,0.7115384615384615,0.1231370045660163,0.5,0.8076923076923077
124,149,0.5687195777883827,0.6356095679012346,"""Do the parents have three volunteers?"" said Leora Duncan.",-¿Tienen los padres tres voluntarios? ~~~ –dijo Leora Duncan.,—¿Tienen tres voluntarios los padres? ~~~ —dijo Salomé García.,58,13,2,4.0,61.25,11.75,2.0,4.61451048951049,0.4330127018922193,0.82915619758885,11,13,0.903846153846154,0.063781245968373,0.8461538461538461,1.0
83,101,0.5452165560298667,0.6319444444444444,"A body's a body, eh?"""" he said, ""All righty.","-Un cuerpo es un cuerpo, ¿eh? ~~~ –dijo él-. ~~~ Todo bien.",—Un cuerpo es un cuerpo —dijo—.,44,17,2,2.294117647058824,51.5,15.0,2.25,3.0031328320802007,11.84271928232701,4.743416490252569,7,19,0.8823529411764706,0.2790244994266217,0.4117647058823529,1.1176470588235294
192,229,0.5427425537394969,0.6315586419753086,"It might even be earlier, if we get a cancellation.""""","Incluso podría ser más temprano, si tenemos una cancelación.",Podría ser incluso antes si tenemos alguna cancelación.,53,14,2,3.2857142857142856,58.5,11.5,1.0,4.527056277056277,2.29128784747792,1.8027756377319943,9,14,0.8214285714285714,0.1287696884094281,0.6428571428571429,1.0
76,93,0.5245409654603458,0.6287202380952381,"Duncan, Duncan, Duncan,"""" he said, scanning the list.","-Ducan, Duncan, Duncan –dijo, revisando la lista-.","Salomé, Salomé, Salomé —dijo mientras repasaba la lista—.",53,15,1,3.2,52.5,12.5,1.0,3.7970779220779214,2.692582403567252,1.5,11,14,0.8333333333333333,0.1,0.7333333333333333,0.9333333333333332
128,153,0.4985220879892536,0.6246627854358117,"Nothing but singles going through today, unless somebody called in after I left.","Nada más que simples a lo largo de todo el día, a menos que alguien llamara después de que me fui.","Solo tenemos citas individuales hoy, a no ser que alguien llamara cuando ya me había ido.",80,15,1,4.533333333333333,91.75,20.0,1.0,3.7605244996549354,6.139014578904337,2.1213203435596424,18,23,1.3333333333333337,0.1414213562373095,1.2,1.5333333333333334
188,225,0.4622491220778129,0.619006283068783,"He went to it, dialed the well-remembered number: """"2 B R 0 2 B.""""","Fue hasta ella, discó el número bien recordado: “2 B R 0 2 B”.",Se acercó y marcó el conocido número: S 3 R 0 N 0 S 3 R.,66,21,2,2.7142857142857144,61.5,19.25,1.25,2.489181286549708,4.8218253804964775,0.82915619758885,18,20,0.9166666666666669,0.0394836284566118,0.8571428571428571,0.9523809523809524
168,202,0.4561524735765442,0.6180555555555556,He smiled luminously.,Sonrió luminosamente.,Sonrió intensamente.,21,4,1,4.75,24.5,4.0,1.25,5.833333333333333,5.123475382979799,1.224744871391589,3,6,1.0,0.3061862178478972,0.75,1.5
45,56,0.4422080970308218,0.6158810325476992,"Frame that, and you'll have a picture a damn sight more honest than this one.""""",Enmarca eso y tendrás una maldita imagen más honesta que ésta.,Enmárcala y tendrás un cuadro más honesto que este.,79,20,2,3.35,61.5,14.0,1.25,3.79375,6.800735254367722,3.1622776601683795,10,18,0.7,0.1581138830084189,0.5,0.9
38,49,0.4033012598130341,0.6098137973137974,"""Must be nice to be able to make pictures that look like something,"" said the orderly.",-Debe de ser muy lindo ser capaz de hacer imágenes que se parezcan a algo –dijo el ordenanza.,—Debe ser interesante pintar cuadros que se parecen a algo —dijo el celador.,86,20,1,3.65,84.75,17.5,1.0,4.106307435254804,6.179603547154137,2.0615528128088303,14,19,0.875,0.1030776406404415,0.7,0.95
32,41,0.3861735516489336,0.6071428571428572,He gave a satiric smile.,Le dirigió una sonrisa satírica-.,—dijo el pintor con una sonrisa irónica—.,24,6,1,3.333333333333333,31.75,6.0,1.0,4.652083333333334,6.057020719792859,1.224744871391589,5,8,1.0,0.2041241452319314,0.8333333333333334,1.3333333333333333
160,191,0.3646143888328511,0.6037808641975309,"You're absolutely right,"""" said Dr. Hitz.",-Está totalmente en lo cierto –dijo el Dr. Hetz-.,—Tiene toda la razón —dijo el doctor Atiza—.,41,11,2,3.4545454545454546,45.5,10.75,1.75,3.656944444444444,3.774917217635375,1.299038105676658,9,12,0.9772727272727272,0.1180943732433325,0.8181818181818182,1.0909090909090908
85,104,0.3522443773810015,0.601851851851852,"Well,"""" said Leora Duncan, """"that's more the disposal people, isn't it?","-Bueno –dijo Leora Duncan-, ésa es más bien alguien de residuos, ¿no?","—Bueno —dijo Salomé García—, pero esos son los encargados de residuos, ¿no?",71,21,1,3.095238095238096,73.5,17.5,1.0,3.645488721804512,4.9749371855331,2.598076211353316,15,21,0.8333333333333334,0.1237179148263483,0.7142857142857143,1.0
92,111~~~112~~~113,0.3442251975432494,0.6006013197105151,"He pointed to a figure in purple who was sawing a dead branch from an apple tree. ~~~ How about her?"""" he said.  ~~~ You like her at all?""""",–Señaló una ﬁgura de morado que estaba aserrando la rama muerta de un manzano.- ¿Qué te parece ella?,—Y señalo a una figura de violeta que cortaba una rama muerta de un manzano—. ~~~ ¿Y ella? ~~~ —dijo—. ~~~ ¿Le parece bien?,139,37,5,3.081081081081081,129.0,29.25,4.0,3.733733904786536,20.211382931407737,6.722164829874376,19,37,0.7905405405405406,0.1816801305371453,0.5135135135135135,1.0
28,37,0.3225563498965597,0.5972222222222222,Let some sweet baby have my place.,Y que una dulce nena ocupe mi lugar.,Y un bebé aquí dejaré.,34,8,1,3.5,34.75,8.25,1.0,3.416666666666667,7.595228765481656,1.299038105676658,6,9,1.03125,0.1623797632095822,0.75,1.125
116,139~~~140,0.3044407112302044,0.594397221552394,"""Let me tell you,"" he said, ""I'm honored to be in it with you. ~~~ Without women like you, this wonderful world we've got wouldn't be possible.""","-Déjeme decirle algo –dijo el Dr. Hitz-. ~~~ Yo estoy honrado de estar en él con usted. ~~~ Sin mujeres como usted, este mundo maravilloso que tenemos sería imposible.","—Le digo una cosa —dijo él—, el honor es todo mío. ~~~ Sin mujeres como usted, nuestro mundo maravilloso no sería posible.",144,39,3,3.128205128205128,143.25,31.25,3.0,3.865197974068942,16.099301227071937,3.344772040064913,26,35,0.8012820512820512,0.0857633856426901,0.6666666666666666,0.8974358974358975
111,133~~~134,0.3004534503133631,0.5937754375254375,"This isn't where the people leave. ~~~ This is where they come in!""""",No es aquí de donde se va la gente. ~~~ ¡Aquí es donde llega!,"No estamos en la sala donde las visitas se van, sino donde llegan.",68,18,3,3.2222222222222223,62.5,15.75,2.25,3.244117647058824,3.774917217635375,0.82915619758885,15,17,0.875,0.0460642331993805,0.8333333333333334,0.9444444444444444
56,72,0.2653008683194238,0.5882936507936508,The orderly laughed and moved on.,El ordenanza se rió y siguió adelante.,El celador se marchó riéndose.,33,7,1,4.0,35.75,7.5,1.0,4.020833333333333,3.491060010942235,0.8660254037844386,6,8,1.0714285714285714,0.1237179148263483,0.8571428571428571,1.1428571428571428
39,50,0.2619432937824929,0.5877700617283951,The painter's face curdled with scorn.,La cara del pintor se cuajó de desdén.,El pintor lo miró con desdén.,38,8,1,4.125,39.0,8.75,1.0,3.668253968253969,6.442049363362563,1.0897247358851685,7,10,1.09375,0.136215591985646,0.875,1.25
155,186,0.2405236423737628,0.5844298245614036,"""Nobody's really happy about taking a close relative to the Catbox,"" said Dr. Hitz gently, sympathetically.","-Nadie está realmente feliz de llevar un pariente cercano a la Caja del Gato –dijo el Dr. Hetz, suave, comprensivamente.","—Nadie se vuelve loco por llevar a un pariente cercano al Arenero —dijo amablemente el doctor Atiza, con compasión.",107,22,2,4.2727272727272725,113.5,23.0,1.75,4.158837991718427,4.5,1.224744871391589,21,24,1.0454545454545454,0.0556702214268903,0.9545454545454546,1.0909090909090908
13,15,0.2375406348274785,0.5839646464646464,"He was so rumpled, so still and colorless as to be virtually invisible.","Estaba tan arrugado, tan quieto y descolorido como para ser invisible por completo.","Estaba tan desaliñado, paralizado y pálido que era prácticamente invisible.",71,15,1,3.933333333333333,83.0,13.5,1.0,5.388003663003663,6.48074069840786,1.118033988749895,12,15,0.9000000000000001,0.0745355992499929,0.8,1.0
61,78,0.2355164511353574,0.5836489898989898,"The woman had a lot of facial hair—an unmistakable mustache, in fact.","La mujer tenía mucho pelo facial: un bigote inconfundible, a decir verdad.","La mujer tenía mucho vello, en realidad, tenía un inconfundible bigote.",69,14,1,4.142857142857143,72.25,14.75,1.0,4.170959922430511,2.384848003542364,1.479019945774904,13,17,1.0535714285714286,0.1056442818410645,0.9285714285714286,1.2142857142857142
49,63~~~64~~~65,0.2201765193733283,0.5812568403148113,"It was the telephone number of an institution whose fanciful sobriquets included: ""Automat,"" ""Birdland,"" ""Cannery,"" ""Catbox,"" ""De-louser,"" ""Easy-go,"" ""Good-by, Mother,"" ""Happy Hooligan,"" ""Kiss-me-quick,"" ""Lucky Pierre,"" ""Sheepdip,"" ""Waring Blendor,"" ""Weep-no-more"" and ""Why Worry?"" ~~~ ""To be or not to be"" was the telephone number of the municipal gas chambers of the Federal Bureau of Termination. ~~~ The painter thumbed his nose at the orderly.","Era el número telefónico de una institución cuyos apodos ingeniosos incluían: “Autoservicio”, “Birdland”, “Conservas”, “Caja del gato”, “Despiojador”, “Salida fácil”, “Adiós, madre”, “Vándalo feliz”, “Bésame rápido”, “Suertudo Pedro”, “Antisarna”, “Embolia”, “Pare de llorar” y “¿Qué me importa?”. ~~~ “Ser o no ser” era el número telefónico de las cámaras de gas municipales del Federal Bureau of Termination. ~~~ El pintor le hizo pito catalán al ordenanza.","Era un número de teléfono para una institución que tenía los siguientes apodos creativos: «Autoservicio», «Los pajaritos», «Envasados», «Arenero», «Despiojadora», «Salida fácil», «Adiós, mamá», «Gamberro feliz», «Beso letal», «Final feliz», «Terminator», «La barbacoa», «Basta de sufrir», «No más angustia». ~~~ «Ser o no ser» era el número de teléfono de las cámaras de gas municipales de la Agencia Central de Extinción. ~~~ El pintor miró al celador con desprecio.",448,110,3,3.7818181818181817,472.0,116.0,3.25,3.547265856950068,37.96050579220461,6.123724356957945,108,125,1.054545454545455,0.0556702214268904,0.9818181818181818,1.1363636363636365
99,121,0.1985028064794311,0.5778769841269841,"Who doesn't admire him?"""" she said again.",¿Quién no lo admira? ~~~ –volvió a decir-.,¿Y quién no lo admira? ~~~ —repitió—.,41,12,2,3.083333333333333,39.25,10.5,2.0,3.1906565656565657,2.277608394786075,1.118033988749895,9,12,0.875,0.0931694990624912,0.75,1.0
2,3,0.1975240802986254,0.5777243589743589,"There were no prisons, no slums, no insane asylums, no cripples, no poverty, no wars.","No había prisiones, ni tugurios, ni asilos para locos, ni lisiados, ni pobreza, ni guerras.","Habían desaparecido las cárceles, los barrios bajos, los manicomios, la discapacidad, la pobreza, las guerras.",85,21,1,3.380952380952381,93.25,19.5,1.0,4.140793159369011,10.108783309577865,1.6583123951777,17,21,0.9285714285714286,0.0789672569132238,0.8095238095238095,1.0
82,99~~~100,0.1899389523973809,0.576541514041514,"Gee,"""" she said, """"they're all the same to me. ~~~ I don't know anything about art.""""","-Ufff- dijo-, para mí son todos iguales. ~~~ No sé nada sobre arte.","—Vaya —dijo—, si se parecen todos. ~~~ Es que no sé nada de arte.",85,28,3,2.7142857142857144,68.5,18.75,2.0,3.0764618347338937,2.958039891549808,2.277608394786075,16,21,0.6696428571428571,0.0813431569566455,0.5714285714285714,0.75
133,158~~~159,0.1829247481016066,0.5754477004477004,"Present,"""" he said. ~~~ ""Oh, Mr. Wehling,"" said Dr. Hitz, ""I didn't see you.""","-Presente –dijo. ~~~ -Oh, señor Wehling –dijo el Dr. Hitz-. ~~~ No lo vi.","—Presente —dijo. ~~~ —Vaya, señor Quejada —dijo el doctor Atiza—. ~~~ No lo había visto.",77,27,5,2.592592592592593,78.0,22.0,3.75,3.1016329284750337,6.363961030678928,3.5355339059327378,18,26,0.8148148148148148,0.130945700219731,0.6666666666666666,0.9629629629629628
186,223,0.1666942056032445,0.5729166666666666,But he didn't have the nerve.,Pero le faltó el coraje.,Pero le faltó coraje.,29,8,1,3.0,25.75,6.25,1.0,3.4208333333333334,6.015604707757983,1.0897247358851685,5,8,0.78125,0.136215591985646,0.625,1.0
8,10,0.1587420553841982,0.5716765873015873,Not many people were born a day any more.,Ya no nacían muchas personas por día.,Ya no nacía mucha gente un día cualquiera.,41,10,1,3.3,38.5,8.25,1.0,3.9097222222222223,2.29128784747792,0.4330127018922193,8,9,0.825,0.0433012701892219,0.8,0.9
193,230~~~231,0.1552961236226109,0.5711392195767195,"All right,"""" said the painter, """"fit me in, if you please."""" ~~~ And he gave her his name, spelling it out.","-De acuerdo –dijo el pintor-, anóteme, por favor.- Y le dio su nombre, deletreándolo.","—Bien —dijo el pintor—, apúnteme, si es tan amable. ~~~ —Y le deletreó su nombre completo.",107,33,2,2.8181818181818183,88.0,21.5,2.0,3.540978260869565,2.549509756796392,2.692582403567252,18,25,0.6515151515151516,0.0815934061687046,0.5454545454545454,0.7575757575757576
89,108,0.1441631133159459,0.5694031084656085,"You say you don't know anything about art, and then you prove in the next breath that you know more about it than I do!""""","-Dices que no sabes nada sobre arte, ¡y un aliento después demuestras saber más que yo!","—¡Pero si dice que no sabe nada de arte y, de buenas a primeras, demuestra que sabe más que yo!",121,30,2,3.3,98.5,22.5,1.0,3.603170289855073,8.139410298049853,2.692582403567252,18,25,0.75,0.0897527467855751,0.6,0.8333333333333334
105,127,0.1312153815490364,0.5673840048840049,What she did was make people comfortable while she killed them.,Lo que ella hacía era hacer poner a la gente cómoda mientras los mataba.,Lo que hacía era hacer que las personas estuvieran cómodas mientras las asesinaba.,63,12,1,4.416666666666667,75.75,14.5,1.0,4.375,3.766629793329841,0.5,14,15,1.2083333333333337,0.0416666666666666,1.1666666666666667,1.25
23,28,0.120852398458152,0.5657679738562091,"Every plant had all the loam, light, water, air and nourishment it could use.","Cada planta tenía toda la tierra preparada, la luz, el agua y los nutrientes que podía usar.","Las plantas disponían de toda la tierra, luz, agua, aire y fertilizante necesarios.",77,18,1,3.555555555555556,87.0,19.25,1.0,3.78578431372549,6.2048368229954285,1.920286436967152,17,22,1.0694444444444444,0.1066825798315084,0.9444444444444444,1.2222222222222223
81,98,0.1020167171549981,0.5628306878306878,She studied the mural bleakly.,La mujer estudió el cuadro sombríamente.,Estudió el mural algo desalentada.,30,6,1,4.333333333333333,37.0,6.75,1.0,4.770833333333333,5.385164807134504,0.82915619758885,6,8,1.125,0.1381926995981416,1.0,1.3333333333333333
36,46,0.0961851403276974,0.5619212962962963,"Lot of faces still to fill in,"""" said the orderly.",-Todavía le quedan muchas caras por llenar –dijo el ordenanza.,—Todavía quedan muchas cabezas por completar —dijo el celador.,50,14,1,3.071428571428572,59.5,11.5,1.0,4.575378787878788,2.598076211353316,1.118033988749895,10,13,0.8214285714285715,0.0798595706249924,0.7142857142857143,0.9285714285714286
135,161,0.0882329901086503,0.5606812169312169,"They just phoned me that your triplets have been born,"""" said Dr. Hitz.",-Acaban de telefonearme que han nacido sus trillizos –dijo el Dr. Hitz-.,—Me acaban de llamar para decirme que los trillizos ya nacieron —dijo el doctor Atiza—.,71,17,2,3.588235294117647,80.5,16.25,1.75,4.216479700854701,5.5,2.0463381929681126,13,18,0.9558823529411764,0.1203728348804772,0.7647058823529411,1.0588235294117647
27,36,0.0850521300210324,0.5601851851851852,"I'll get off this old planet,","Me iré de este viejo planeta,","Mundo cruel, ya me voy con mi dolor.",29,8,1,3.0,30.75,7.5,1.0,3.480952380952381,3.031088913245535,1.5,6,10,0.9375,0.1875,0.75,1.25
157,188,0.0850521300210317,0.5601851851851851,"""What?"" said Dr. Hitz.",-¿Qué? ~~~ –dijo el Dr. Hetz.,—¿Cómo? ~~~ —dijo el doctor Atiza.,22,8,3,2.625,30.25,8.75,2.75,3.000694444444444,2.165063509461097,0.82915619758885,8,10,1.09375,0.1036445246986062,1.0,1.25
170,204,0.0712684029746846,0.5580357142857143,Wehling shot Dr. Hitz dead.,Wehling mató al Dr. Hitz de un tiro.,Quejada mató al Dr. Atiza de un disparo.,27,6,2,3.8333333333333335,36.0,8.5,2.0,3.4722222222222223,2.549509756796392,0.5,8,9,1.4166666666666663,0.0833333333333333,1.3333333333333333,1.5
140,166,0.0594124699208334,0.5561868686868687,"What man in my shoes wouldn't be happy?"""" said Wehling.",-¿Qué hombre en mis zapatos estaría feliz? ~~~ –dijo Wehling.,—¿Qué hombre no estaría contento en mi lugar? ~~~ —dijo Quejada.,55,15,2,3.2,60.5,13.75,2.0,3.7884615384615374,2.29128784747792,1.299038105676658,12,15,0.9166666666666669,0.0866025403784438,0.8,1.0
65,82,0.0553641025365906,0.5555555555555555,"You aren't about to have a baby, are you?""""","No estás por tener un bebé, ¿no?","No está a punto de parir, ¿no?",43,14,2,2.642857142857143,32.25,10.0,1.5,2.6843434343434343,1.479019945774904,1.0,9,11,0.7142857142857143,0.0714285714285714,0.6428571428571429,0.7857142857142857
87,106,0.0405200887943711,0.5532407407407408,I don't do any disposing.,No me encargo de residuos.,No me encargo de los residuos.,25,7,1,3.0,28.75,6.75,1.0,3.715773809523809,1.6393596310755,0.82915619758885,6,8,0.9642857142857144,0.1184508853698357,0.8571428571428571,1.1428571428571428
112,135,0.0401345299958717,0.5531806156806157,"""We're going to be in the same picture together,"" she said shyly.",-Vamos a estar juntos en el mismo cuadro –dijo ella con timidez. ~~~ -¡Bien!,—Vamos a estar en el mismo cuadro juntos —dijo con timidez.,65,17,1,3.294117647058824,67.0,14.5,1.25,3.9203869047619047,7.582875444051551,1.6583123951777,12,16,0.8529411764705883,0.0975477879516293,0.7058823529411765,0.9411764705882352
40,51,0.0304473651835779,0.5516699735449735,"You think I'm proud of this daub?"""" he said.",-¿Crees que estoy orgulloso de este mamarracho?,—¿Es que acaso piensas que estoy orgulloso de este pintarrajo? ~~~ —dijo—.,44,14,2,2.7142857142857144,59.75,12.0,1.75,4.397321428571429,10.779030568655047,2.449489742783178,8,14,0.8571428571428571,0.1749635530559413,0.5714285714285714,1.0
151,182,0.0182540681810398,0.5497685185185185,"I want all three of them.""""",Quiero los tres.,Los quiero a los tres.,27,9,2,2.6666666666666665,20.5,6.25,1.0,2.928571428571429,2.958039891549808,1.479019945774904,4,8,0.6944444444444444,0.1643355495305448,0.4444444444444444,0.8888888888888888
58,75,0.0150732080934211,0.5492724867724867,"A coarse, formidable woman strode into the waiting room on spike heels.","Una mujer tosca, imponente, entró caminando a la sala de espera sobre tacos de aguja.",Una mujer grande e imponente que llevaba tacones de aguja entró con decisión a la sala de espera.,71,14,1,4.285714285714286,84.75,17.0,1.0,4.139784356725146,7.628073151196179,1.5811388300841898,15,19,1.2142857142857144,0.1129384878631564,1.0714285714285714,1.3571428571428572
139,165,-0.0312259776263612,0.5420524691358025,"""You don't sound very happy,"" said Dr. Hitz.",-No suena usted muy feliz –dijo el Dr. Hitz.,—No parece muy contento —dijo el doctor Atiza.,44,13,2,3.0,42.5,10.75,1.75,3.3791666666666664,2.692582403567252,1.299038105676658,9,12,0.8269230769230771,0.0999260081289737,0.6923076923076923,0.9230769230769232
189,226,-0.077764901829827,0.534795066045066,"""Federal Bureau of Termination,"" said the very warm voice of a hostess.",-Federal Bureau of Termination –dijo la voz muy cálida de una azafata.,—Agencia Central de Extinción —dijo la dulce voz de la azafata.,71,16,1,3.875,69.0,14.0,1.0,4.221073717948718,4.301162633521313,1.5811388300841898,12,16,0.875,0.0988211768802618,0.75,1.0
174,208,-0.0930760348856133,0.5324074074074074,"There! Room for two.""""",¡Ya está! ~~~ Espacio para dos.,Ya hay lugar para dos.,22,8,3,2.625,28.25,8.0,2.25,3.0625,3.6996621467371855,1.224744871391589,6,9,1.0,0.1530931089239486,0.75,1.125
48,59~~~60~~~61~~~62,-0.11767999059162,0.5285706013952087,"The orderly shrugged. ~~~ If you don't like it here, Grandpa—"""" he said, and he finished the thought with the trick telephone number that people who didn't want to live any more were supposed to call. ~~~ The zero in the telephone number he pronounced """"naught."""" ~~~ The number was: ""2 B R 0 2 B.""","El ordenanza se encogió de hombros. ~~~ -Si no te gusta estar aquí, abuelo –dijo, y terminó el pensamiento con el número telefónico con truco al que se suponía que tenía que llamar la gente que no deseaba vivir más-: 2 B R 0 2 B.","El celador se encogió de hombros. ~~~ «Abuelo, si no le gusta…», dijo y completó la idea con el número de teléfono con truco al que había que llamar si ya no querías seguir viviendo. ~~~ El cero representaba una «o» y el «3» una «e». ~~~ El número era: «S 3 R 0 N 0 S 3 R ».",298,73,5,3.4383561643835616,274.5,67.25,4.0,3.3264595311808938,29.1247317584214,9.627434756984853,51,76,0.9212328767123288,0.131882667903902,0.6986301369863014,1.0410958904109588
73,90,-0.1178160577893139,0.5285493827160495,"Looks just like heaven or something.""""","Es justo como el cielo, o algo así.",Parece que fuera el cielo o algo así.,38,9,2,3.888888888888889,36.0,10.0,1.0,2.984722222222222,5.0,1.224744871391589,9,12,1.1111111111111112,0.1360827634879543,1.0,1.3333333333333333
134,160,-0.1227640623700544,0.5277777777777778,"""The invisible man,"" said Wehling.",-El hombre invisible –dijo Wehling.,—El hombre invisible —dijo Quejada.,34,9,1,3.555555555555556,35.5,7.5,1.0,4.416666666666666,0.5,1.5,6,9,0.8333333333333333,0.1666666666666666,0.6666666666666666,1.0
159,190,-0.1227640623700551,0.5277777777777777,"It gives people the wrong impression.""""",Le da a la gente una impresión equivocada.,Crea una idea equivocada.,39,9,2,4.0,37.75,9.0,1.0,3.708585858585858,7.495832175282475,2.449489742783178,5,11,1.0,0.2721655269759087,0.5555555555555556,1.2222222222222223
42,53,-0.133611610873985,0.5260861823361823,"""What's your idea of what life looks like?"" said the orderly.",-¿Cuál es su idea de a qué se parece la vida? ~~~ –dijo el ordenanza.,—¿Cuál es su idea de la vida real? ~~~ —dijo el celador.,61,16,2,3.3125,63.25,16.25,2.0,3.171218487394958,5.11737237261468,1.299038105676658,14,17,1.015625,0.0811898816047911,0.875,1.0625
41,52,-0.1484556246162058,0.5237713675213674,"You think this is my idea of what life really looks like?""""""",–dijo-. ~~~ ¿Crees que ésta es mi idea de a qué se parece la vida?,¿Es que crees que esta es mi idea de la vida real?,60,16,2,3.25,60.0,15.25,1.75,3.175122549019608,6.6332495807108,1.479019945774904,13,17,0.953125,0.0924387466109315,0.8125,1.0625
125,150,-0.1543237808639279,0.522856271695281,"""Last I heard,"" said Dr. Hitz, ""they had one, and were trying to scrape another two up.""",-Lo último que oí –dijo el Dr. Hitz- es que tenían uno y estaban tratando de juntar a duras penas otros dos.,—Lo último que sé —dijo el doctor Atiza— es que tenían uno y que estaban intentando rebuscar otros dos.,88,25,3,3.04,102.5,23.5,2.0,3.664402173913044,6.946221994724902,2.5,20,27,0.94,0.1,0.8,1.08
66,83,-0.1688531679752706,0.5205905205905206,"They told me I was supposed to pose for some picture,"""" she said.",-Me dijeron que tenía que posar para cierto cuadro –dijo ella-.,—Me dijeron que tenía que posar para un cuadro —dijo ella—.,65,17,1,3.235294117647059,65.0,14.25,1.0,3.881433823529412,5.0990195135927845,2.277608394786075,12,17,0.8382352941176471,0.1339769643991808,0.7058823529411765,1.0
158,189,-0.1876926713515337,0.5176526385407965,"I wish people wouldn't call it 'the Catbox,' and things like that,"""" she said.",-Me gustaría que la gente no lo llamara “la Caja del Gato” y cosas por el estilo –dijo ella-.,—Me gustaría que la gente no lo llamara ‘el Arenero’ o apodos similares —dijo—.,78,21,1,3.1904761904761907,82.75,20.0,1.0,3.431789533995416,6.417748826496718,1.8708286933869709,17,22,0.9523809523809524,0.0890870806374748,0.8095238095238095,1.0476190476190477
62,79,-0.1920923538251976,0.5169665404040404,"A curious thing about gas-chamber hostesses was that, no matter how lovely and feminine they were when recruited, they all sprouted mustaches within five years or so.","Algo curioso en las azafatas de la cámara de gas era que, sin importar lo encantadoras y femeninas que fueran cuando las reclutaban, a todas les crecía bigote en unos cinco años.","Lo curioso de las azafatas de la cámara de gas era que, aunque fueran muy dulces y femeninas al llegar, siempre les acababa saliendo bigote en los cinco primeros años de servicio.",166,30,1,4.666666666666667,182.0,35.0,1.0,4.32609710550887,5.244044240850758,0.7071067811865476,34,36,1.1666666666666663,0.0235702260395515,1.1333333333333333,1.2
7,9,-0.1969841310811567,0.5162037037037037,He was the only man waiting.,Era el único hombre en espera.,Era el único.,28,7,1,3.2857142857142856,26.5,6.0,1.0,3.663690476190476,7.88986691902975,1.224744871391589,4,7,0.8571428571428571,0.1749635530559413,0.5714285714285714,1.0
37,47~~~48,-0.2075861552046747,0.5145503959842195,"He meant that the faces of many of the figures in the mural were still blank. ~~~ All blanks were to be filled with portraits of important people on either the hospital staff or from the Chicago Office of the Federal Bureau of Termination.""","Quería decir que muchas de las ﬁguras del mural seguían aún sin deﬁnir. ~~~ Todas las zonas en blanco debían ser llenadas con retrato de gente importante, ya fuera del personal del hospital o de la oﬁcina de Chicago del Federal Bureau of Termination (Oficina Federal de Liquidación).",Se refería a que todavía quedaban muchas figuras en el mural con las cabezas sin rostro que debían completarse con retratos de personas importantes del hospital o de la oficina local de la Agencia Central de Extinción.,240,47,3,4.212765957446808,262.25,48.0,1.75,4.564122067513223,26.76167969317322,6.363961030678928,38,54,1.021276595744681,0.135403426184658,0.8085106382978723,1.148936170212766
21,26,-0.2211405431881551,0.5124366888255777,"Men and women in purple uniforms pulled up weeds, cut down plants that were old and sickly, raked leaves, carried refuse to trash-burners.","Hombres y mujeres con uniformes color morado arrancaban hierbas, cortaban plantas que estaban viejas y enfermas, rastrillaban hojas secas, llevaban residuos a quemadores de basura.","Los hombres y las mujeres vestidos con uniformes violeta quitaban la maleza, talaban las plantas viejas o enfermas, rastrillaban las hojas, llevaban la basura al incinerador.",138,27,1,4.296296296296297,177.0,29.25,1.0,5.211494252873564,2.23606797749979,0.82915619758885,28,30,1.0833333333333333,0.030709488799587,1.037037037037037,1.1111111111111112
74,91,-0.241516172307818,0.5092592592592593,"Or something,"""" said the painter.",-O algo así –dijo el pintor.,—Algo así —dijo el pintor.,33,9,1,3.4444444444444446,27.0,8.0,1.0,2.976984126984127,1.5811388300841898,1.5811388300841898,6,10,0.8888888888888888,0.1756820922315766,0.6666666666666666,1.1111111111111112
132,157,-0.2988701325254383,0.5003153308106868,"He raised his right hand, looked at a spot on the wall, gave a hoarsely wretched chuckle.","Alzó la mano derecha, miró un punto en la pared, soltó una risita roncamente desdichada.","Levantó la mano, miró a un punto de la pared y soltó una risa ronca y quejosa.",89,20,1,3.65,87.25,19.25,1.0,3.705096073517126,6.759252917297888,1.0897247358851685,18,21,0.9625,0.0544862367942584,0.9,1.05
118,142,-0.3263391079776495,0.496031746031746,"Guess what was just born,"""" he said.",-Adivine lo que acaba de nacer –dijo.,—Adivine qué acaba de nacer —dijo.,36,11,1,2.909090909090909,36.0,9.0,1.0,3.5271915584415585,1.5811388300841898,1.5811388300841898,7,11,0.8181818181818182,0.1437398936440172,0.6363636363636364,1.0
162,195,-0.3263391079776498,0.496031746031746,"""That sounds so much better,"" said Leora Duncan.",-Eso suena mucho mejor –dijo Leora Duncan.,—Así suena muchísimo mejor —dijo Salomé García.,48,12,1,3.583333333333333,43.75,9.5,1.0,4.133522727272728,1.920286436967152,1.5,8,11,0.7916666666666666,0.125,0.6666666666666666,0.9166666666666666
20,25,-0.3305802547611413,0.4953703703703703,"Men and women in white, doctors and nurses, turned the soil, planted seedlings, sprayed bugs, spread fertilizer.","Hombres y mujeres de blanco, médicos y enfermeros, removían la tierra, plantaban semillas, fumigaban los insectos, desparramaban fertilizador.","Hombres y mujeres de blanco, doctores y enfermeros, cavaban, plantaban semillas, fumigaban, fertilizaban la tierra.",112,23,1,4.173913043478261,135.0,22.75,1.0,5.210986024844721,11.5974135047432,1.0897247358851685,21,24,0.9891304347826088,0.0473793363428334,0.9130434782608696,1.0434782608695652
18,22~~~23,-0.3468812200655426,0.4928283546704599,"Back in the days when people aged visibly, his age would have been guessed at thirty-five or so. ~~~ Aging had touched him that much before the cure for aging was found.","Allá en los viejos días cuando la gente envejecía de manera visible, su edad habría sido calculada en unos treinta y cinco años. ~~~ La edad lo había tocado hasta ese punto antes de que se descubriera la cura contra el envejecimiento.","En los tiempos en que las personas envejecían de manera visible, se hubiera dicho que tenía unos treinta y cinco más o menos porque eran justo esos los años que había cumplido antes de que se encontrara la cura para el envejecimiento.",169,35,2,3.942857142857143,224.75,42.75,1.75,4.352146464646465,9.57535900110278,1.920286436967152,40,45,1.2214285714285715,0.0548653267704901,1.1428571428571428,1.2857142857142858
57,73~~~74,-0.3559713308991497,0.4914108187134503,"Wehling, the waiting father, mumbled something without raising his head. ~~~ And then he fell silent again.","Wehling, el padre en espera, masculló algo sin alzar la cabeza. ~~~ Y después volvió a quedarse en silencio.","Quejada, el padre en espera, masculló algo ininteligible sin levantar la cabeza y no volvió a decir nada.",107,21,2,4.333333333333333,112.0,23.0,1.75,4.077963250517598,7.245688373094719,1.224744871391589,21,24,1.0952380952380951,0.0583211843519804,1.0,1.1428571428571428
24,29,-0.3627150976975967,0.4903591778591778,"A hospital orderly came down the corridor, singing under his breath a popular song:","Un ordenanza del hospital llegó por el corredor, cantando bajito una canción popular.","Por el pasillo, se acercaba un celador cantando en voz baja una canción popular:",83,16,1,4.375,85.5,16.25,1.0,4.454718137254902,3.5,0.82915619758885,15,17,1.015625,0.0518222623493031,0.9375,1.0625
79,96,-0.3655697157249462,0.4899140211640212,See any faceless body here you'd like me to stick your head on?,¿Ves por aquí algún cuerpo sin cabeza al que te gustaría que le agregue tu cabeza?,¿Se ha fijado en algún cuerpo sin rostro donde le gustaría que metiera su cabecita?,63,15,1,3.4,78.0,16.0,1.0,3.996752450980392,5.522680508593631,0.7071067811865476,15,17,1.0666666666666669,0.0471404520791031,1.0,1.1333333333333333
123,148,-0.3821808739602886,0.4873236331569665,"Triplets, if they were all to live, called for three volunteers.","Los trillizos, si es que iban a vivir todos, requerían tres voluntarios.","Los trillizos, para vivir, requerían tres voluntarios.",64,14,1,3.857142857142857,64.75,12.5,1.0,4.540384615384616,6.609652033201143,1.8027756377319943,10,15,0.8928571428571428,0.1287696884094281,0.7142857142857143,1.0714285714285714
22,27,-0.4108759093067652,0.4828488533511023,"Never, never, never—not even in medieval Holland nor old Japan—had a garden been more formal, been better tended.","Nunca, nunca, nunca –ni siquiera en la Holanda medieval o en el Japón antiguo- un jardín había sido tan formal, había estado mejor atendido.","Jamás de los jamases, ni siquiera en los Países Bajos del medioevo ni en el Japón de la antigüedad, se había visto un jardín tan elegante ni mejor atendido.",113,22,1,4.363636363636363,138.5,28.0,1.0,4.102335164835165,11.07925990308017,2.449489742783178,26,32,1.2727272727272727,0.1113404428537808,1.181818181818182,1.4545454545454546
33,42,-0.4307773475211292,0.4797453703703704,"It's called 'The Happy Garden of Life,' you know.""""","Se llamaEl jardín feliz de la vida, sabes.","Se llama El feliz jardín de la vida, ¿sabías?",51,15,2,3.0,46.5,13.0,1.25,3.0732007575757576,3.2015621187164243,2.549509756796392,10,16,0.8666666666666667,0.1699673171197595,0.6666666666666666,1.0666666666666669
15,17~~~18,-0.4352248388446645,0.4790518167949518,Chairs and ashtrays had been moved away from the walls. ~~~ The floor was paved with spattered dropcloths.,Las sillas y los ceniceros habían sido sacados de junto a las paredes. ~~~ El suelo estaba salpicado de trapos para cubrir.,Se habían apartado las sillas y los ceniceros de la pared y el suelo estaba recubierto de telas manchadas.,106,20,2,4.45,123.5,22.75,1.75,4.548409090909091,11.757976016304848,1.920286436967152,20,25,1.1375,0.0960143218483575,1.0,1.25
25,30~~~31~~~32~~~33,-0.44074487632362,0.4781910075316004,"If you don't like my kisses, honey, ~~~ Here's what I will do: ~~~ I'll go see a girl in purple, ~~~ Kiss this sad world toodle-oo.","Si no te gustan mis besos, querida ~~~ Esto es lo que haré: ~~~ Iré a ver una chica de morado, ~~~ Le diré adiós a este triste mundo.","Si no deseas mis besos, amor, otro rumbo tomaré: y a una de violeta, con fervor, este cuerpo donaré.",131,35,1,3.0,126.0,30.5,1.0,3.3197556207233627,15.083103128998356,3.278719262151,25,33,0.8714285714285714,0.0936776932043142,0.7142857142857143,0.9428571428571428
152,183,-0.44562136126335,0.4774305555555555,"Of course you do,"""" said Dr. Hitz.",-Por supuesto que los quiere –dijo el Dr. Hetz-.,—Y claro que los quiere —dijo el doctor Atiza—.,34,11,2,2.727272727272727,46.0,11.25,1.75,3.492628205128205,3.5355339059327378,1.299038105676658,10,13,1.0227272727272727,0.1180943732433325,0.9090909090909092,1.181818181818182
47,58,-0.4933342625776296,0.4699900793650794,"""Is that a crime?"" said the painter.",-¿Eso es un crimen? ~~~ –dijo el pintor.,—¿Es acaso un pecado? ~~~ —dijo el pintor.,36,11,2,2.909090909090909,40.5,10.75,2.0,3.20189393939394,0.8660254037844386,0.82915619758885,10,12,0.9772727272727272,0.0753778361444408,0.9090909090909092,1.0909090909090908
161,192~~~193~~~194,-0.5111096571849104,0.467218137254902,"Forgive me."""" ~~~ He corrected himself, gave the municipal gas chambers their official title, a title no one ever used in conversation. ~~~ I should have said, 'Ethical Suicide Studios,'"""" he said.""","Perdóneme. ~~~ –Se corrigió, le dio a las cámaras de gas municipales su título oﬁcial, un título que nadie usaba nunca en la conversación.- Tendría que haber dicho “Grandes estudios de suicidio ético” –dijo.","Perdóneme. ~~~ —Se corrigió y dio a las cámaras de gas municipales su nombre oficial, un nombre que nunca nadie usaba al hablar—. ~~~ Debería haber dicho: ‘Estudios de suicidio ético’ —dijo.",198,45,4,3.8222222222222224,202.5,42.0,2.75,4.09203978645468,9.86154146165801,3.082207001484488,39,47,0.9333333333333332,0.0684934889218775,0.8666666666666667,1.0444444444444445
166,199~~~200,-0.5168909058078434,0.4663165940339853,"He shook his head. ~~~ Two centuries ago, when I was a young man, it was a hell that nobody thought could last another twenty years.","–Sacudió la cabeza.- Hace dos siglos, cuando yo era joven, resultaba un inﬁerno que nadie pudiera pensar que podía vivir veinte años más.","—Asintió con la cabeza—. ~~~ Hace dos siglos, cuando yo era joven, era un infierno que nadie creía duraría veinte años más.",132,30,2,3.566666666666667,133.5,27.75,2.0,4.019430166607586,7.826237921249264,2.0463381929681126,26,31,0.925,0.0682112730989371,0.8666666666666667,1.0333333333333334
90,109,-0.5575631681930072,0.4599740537240537,Of course the sheave-carrier is wrong for a hostess!,¡Por supuesto que una portadora de gavillas está mal para una azafata!,"¡Claro que no, una cargadora de gavillas no es apropiada para una azafata!",52,10,1,4.4,73.5,14.25,1.0,4.323901098901099,2.5,0.82915619758885,13,15,1.4249999999999998,0.0829156197588849,1.3,1.5
178,212,-0.5602258791260817,0.4595588235294117,"The painter sat on the top of his stepladder, looking down reflectively on the sorry scene.","El pintor se sentó sobre la parte superior de la escalera de tijera, mirando reflexivo la triste escena.",El pintor se quedó sentado en el último peldaño de la escalera y observó la malograda escena.,91,18,1,4.222222222222222,100.25,19.0,1.0,4.420102339181287,5.11737237261468,0.7071067811865476,18,20,1.0555555555555556,0.0392837100659193,1.0,1.1111111111111112
154,185,-0.5705584769270392,0.4579475308641975,"""I don't want my grandfather to die, either,"" said Wehling.",-Tampoco quiero que mi abuelo muera –dijo Wehling.,—Pero tampoco quiero que se muera mi abuelo —dijo Quejada.,59,16,1,3.25,53.25,11.25,1.0,4.147824397824398,3.112474899497183,1.479019945774904,9,13,0.703125,0.0924387466109315,0.5625,0.8125
136,162,-0.5808079149871436,0.4563492063492063,"They're all fine, and so is the mother.",Están todos bien y también la madre.,Están todos bien y también la mamá.,39,11,1,2.909090909090909,37.5,9.25,1.0,3.4414772727272727,2.29128784747792,1.299038105676658,8,11,0.8409090909090908,0.1180943732433325,0.7272727272727273,1.0
106,128,-0.5833191203194739,0.4559576023391813,"And, while Leora Duncan was posing for her portrait, into the waitingroom bounded Dr. Hitz himself.","Y mientras Leora Duncan posaba para su retrato, en la sala se aparecía de un salto el propio Dr. Hitz.","Y mientras que Salomé García posaba para su retrato, entró enérgicamente el mismísimo doctor Atiza.",99,19,2,4.421052631578948,100.5,20.5,1.75,4.123376623376624,2.0615528128088303,2.0615528128088303,17,22,1.0789473684210529,0.1085027796215174,0.8947368421052632,1.1578947368421053
26,34~~~35,-0.601605846329266,0.4531059218559218,"If you don't want my lovin', ~~~ Why should I take up all this space?","Si no quieres mi amor, ~~~ ¿Por qué ocupar todo este espacio?","Si ya no te es suficiente este amor, ¿para qué seguir con él?",69,19,1,2.8947368421052637,66.0,15.0,1.0,3.59702380952381,5.196152422706632,0.7071067811865476,14,16,0.7894736842105263,0.0372161463782393,0.7368421052631579,0.8421052631578947
143,169,-0.6226855321779836,0.4498186998186997,"Dr. Hitz became rather severe with Wehling, towered over him.","El Dr. Hitz se puso bastante severo con Wehling, se alzó sobre él.",El doctor Atiza se mostró duro con Quejada y se inclinó sobre él.,61,12,2,4.333333333333333,66.75,14.75,1.75,3.7152068519715584,6.49519052838329,1.479019945774904,13,17,1.2291666666666667,0.1232516621479087,1.0833333333333333,1.4166666666666667
130,155,-0.6308860712383708,0.448539886039886,"Wehling,"""" said the waiting father, sitting up, red-eyed and frowzy.","-Wehling –dijo el padre en espera, irguiéndose, con los ojos rojos y desaliñados-.","—Quejada —dijo el padre en espera, que estaba sentado, con los ojos rojos y desaliñado—.",68,16,1,3.8125,88.25,18.75,1.0,4.047123015873016,4.602988159880492,1.920286436967152,16,21,1.171875,0.120017902310447,1.0,1.3125
187,224,-0.6470276386293871,0.4460227272727272,And then he saw the telephone booth in the corner of the room.,Y entonces vio la cabina telefónica en el rincón del cuarto.,Entonces vio el teléfono en la esquina de la sala.,62,14,1,3.571428571428572,59.75,12.0,1.0,4.138548951048951,5.931905258852336,0.7071067811865476,11,13,0.8571428571428571,0.0505076272276105,0.7857142857142857,0.9285714285714286
1,2,-0.6571485570899914,0.4444444444444445,Everything was perfectly swell.,Todo estaba perfectamente fantástico.,Todo iba viento en popa.,31,5,1,5.6,30.75,5.25,1.0,5.333333333333333,4.602988159880492,0.4330127018922193,5,6,1.05,0.0866025403784438,1.0,1.2
131,156,-0.7104001588365585,0.4361402486402487,"Edward K. Wehling, Jr., is the name of the happy father-to-be.""""","Edward K. Wehling, Jr. Es el nombre del futuro padre feliz.",Eduardo Quejada es el nombre del futuro padre feliz.,64,16,4,3.5,59.5,13.5,2.5,3.786057692307692,4.716990566028302,2.29128784747792,10,16,0.84375,0.14320549046737,0.625,1.0
88,107,-0.7610566532855353,0.4282407407407407,The painter clapped his hands in mock delight.,El pintor aplaudió con burlón deleite.,El pintor aplaudió con falsa complacencia.,46,9,1,4.333333333333333,41.25,8.0,1.0,4.577922077922078,3.112474899497183,1.7320508075688772,7,11,0.888888888888889,0.1924500897298753,0.7777777777777778,1.2222222222222223
6,8,-0.8078475661686212,0.4209440418679549,"One bright morning in the Chicago Lying-in Hospital, a man named Edward K. Wehling, Jr., waited for his wife to give birth.","Una brillante mañana en la maternidad del hospital de Chicago, un hombre llamado Edward K. Wehling, Jr. Esperaba que su esposa diera a luz.","Una mañana radiante en el Hospital Materno Infantil de la ciudad, un hombre llamado Eduardo Quejada esperaba a que diera a luz su mujer.",123,26,3,3.923076923076923,135.25,27.25,2.5,4.133826821326822,2.8613807855648994,0.82915619758885,26,28,1.0480769230769231,0.0318906229841865,1.0,1.0769230769230769
59,76,-0.820603722237622,0.4189548131080389,"Her shoes, stockings, trench coat, bag and overseas cap were all purple, the purple the painter called """"the color of grapes on Judgment Day.""""","Sus zapatos, medias, gabardina y gorra de ultramar eran todos color morado, el morado que el pintor llamaba “el color de las uvas el Día del Juicio Final”.","Los zapatos, medias, gabardina, bolsa y el gorro eran violetas, el violeta que el pintor llamaba «el color de las uvas del juicio final».",143,33,2,3.757575757575758,154.25,35.0,1.0,3.6460931869650537,11.691342951089922,2.7386127875258306,31,38,1.0606060606060606,0.0829882662886615,0.9393939393939394,1.1515151515151516
149,179~~~180,-0.8352989492378083,0.4166632004918134,"""In the year 2000,"" said Dr. Hitz, ""before scientists stepped in and laid down the law, there wasn't even enough drinking water to go around, and nothing to eat but sea-weed—and still people insisted on their right to reproduce like jackrabbits. ~~~ And their right, if possible, to live forever.""","-En el año 2000 –dijo el Dr. Hetz-, antes de que intervinieran los cientíﬁcos y establecieran la ley, no había ni siquiera agua potable suﬁciente para seguir adelante y nada que comer salvo algas marinas y aún así la gente insistía en su derecho de reproducción como conejos. ~~~ Y su derecho, si era posible, de vivir para siempre.","—En el año 2000 —dijo el doctor Atiza—, antes de que los científicos intervinieran y aplicaran la ley, no existía siquiera suficiente agua potable para todos y solo se podían comer algas, y, a pesar de todo, la gente insistía en su derecho a reproducirse como conejos; y en su derecho, a ser posible, de vivir eternamente.",297,63,4,4.0,323.75,67.75,2.5,3.960573414182083,5.11737237261468,3.112474899497183,65,73,1.0753968253968254,0.0494043634840822,1.031746031746032,1.1587301587301588
98,119~~~120,-0.8579381059719072,0.4131327904347308,"Who doesn't admire him?"""" she said, worshiping the portrait of Hitz. ~~~ It was the portrait of a tanned, white-haired, omnipotent Zeus, two hundred and forty years old.","–dijo él. ~~~ -¿Quién no lo admira? ~~~ –dijo ella, adorando el retrato de Hitz. ~~~ Era el retrato de un Zeus tostado, canoso, omnipotente, de doscientos años de edad-.","—¿Y quién no lo admira? ~~~ —dijo, mirando con veneración el retrato de Atiza. ~~~ Era el retrato de un Zeus omnipotente, de pelo blanco y moreno de doscientos cuarenta años—.",169,38,3,3.789473684210526,167.25,36.0,3.25,3.876117991056072,9.065732182234372,1.4142135623730951,34,38,0.9473684210526316,0.0372161463782393,0.8947368421052632,1.0
29,38,-0.9020747838366296,0.40625,The orderly looked in at the mural and the muralist.,El ordenanza se fijó en el mural y el muralista.,El celador observó el mural y al muralista.,52,11,1,3.909090909090909,43.0,9.5,1.0,3.7474747474747474,3.24037034920393,0.8660254037844386,9,11,0.8636363636363638,0.0787295821622216,0.8181818181818182,1.0
196,234,-0.9115728765458128,0.4047688422688422,"But the deepest thanks of all is from future generations.""",Pero las gracias más profundas de todas son las de las generaciones futuras.,Pero el agradecimiento más grande es el de las generaciones futuras.,58,12,2,4.166666666666667,74.5,13.5,1.0,4.726190476190476,3.774917217635375,0.8660254037844386,12,14,1.125,0.0721687836487032,1.0,1.1666666666666667
156,187,-0.9188391769790674,0.4036357161357161,"""I wish people wouldn't call it that,"" said Leora Duncan.",-Me gustaría que la gente no lo llamara así –dijo Leora Duncan.,—Me gustaría que la gente no lo llamara así —dijo Salomé García.,57,15,1,3.333333333333333,64.5,14.5,1.0,3.755505279034691,3.3541019662496847,1.6583123951777,13,17,0.9666666666666668,0.1105541596785133,0.8666666666666667,1.1333333333333333
175,209,-0.9380429709812408,0.4006410256410256,"And then he shot himself, making room for all three of his children.","Y después se disparó a sí mismo, haciendo espacio para sus tres hijos.",Y luego se disparó y así hizo lugar para sus tres hijos.,68,15,1,3.733333333333333,63.25,14.25,1.0,3.624908424908425,5.261891294962297,0.82915619758885,13,15,0.95,0.0552770798392566,0.8666666666666667,1.0
122,146~~~147,-0.9749270783485312,0.3948892202568673,She was exclaiming over the legal implications of triplets. ~~~ The law said that no newborn child could survive unless the parents of the child could find someone who would volunteer to die.,–dijo ella. ~~~ Estaba exclamando por las implicancias legales de los trillizos. ~~~ La ley decía que ningún niño recién nacido podía sobrevivir a menos que los padres del niño pudieran encontrar a alguien que se presentara voluntario para morir.,"—exclamó ella, por las implicaciones legales que suponía tener trillizos. ~~~ La ley decía que ningún recién nacido podía sobrevivir si sus padres no encontraban a un voluntario que se prestara a morir.",191,35,2,4.542857142857143,224.75,39.0,2.25,4.849321705426356,19.89189533453261,3.082207001484488,36,43,1.1142857142857143,0.0880630571852711,1.0285714285714285,1.2285714285714286
12,14,-0.9996211598569352,0.3910383597883598,"Young Wehling was hunched in his chair, his head in his hand.","El joven Wehling estaba encorvado en su silla, con la cabeza en la mano.",El joven Quejada se sentaba encorvado con la cabeza entre las manos.,61,14,1,3.571428571428572,71.0,15.25,1.0,3.8617788461538463,1.7320508075688772,1.299038105676658,13,16,1.0892857142857144,0.0927884361197612,0.9285714285714286,1.1428571428571428
78,95,-1.0134048869032837,0.3888888888888888,You're entitled to be immortalized.,Tienes derecho a ser inmortalizada.,Tiene derecho a ser inmortalizada.,35,7,1,4.428571428571429,35.75,6.0,1.0,5.291666666666667,1.920286436967152,0.0,6,6,0.8571428571428571,0.0,0.8571428571428571,0.8571428571428571
179,213~~~214,-1.0227772810927094,0.3874273329177932,"The painter pondered the mournful puzzle of life demanding to be born and, once born, demanding to be fruitful ... to multiply and to live as long as possible—to do all that on a very small planet that would have to last forever. ~~~ All the answers that the painter could think of were grim.","El pintor caviló sobre el lastimero rompecabezas de la vida exigiendo nacer y, una vez nacida, exigiendo ser fructífera –multiplicarse y vivir todo lo posible: hacer todo eso sobre un planeta muy pequeño que debería durar para siempre. ~~~ Todas las respuestas que el pintor pudo pensar eran lúgubres.","El pintor reflexionó sobre el triste rompecabezas de la vida que exige nacer y, una vez en el mundo, exige fructificar… multiplicarse y vivir el máximo posible, y cumplir con este destino en un pequeñísimo planeta que debe durar para siempre. ~~~ Todas las respuestas que se le ocurrían al pintor eran desoladoras.",292,59,3,4.033898305084746,310.25,56.75,2.25,4.5752737113418,6.417748826496718,1.920286436967152,54,59,0.9618644067796612,0.0325472277452059,0.9152542372881356,1.0
107,129,-1.0445705990136465,0.3840288252052958,"He was seven feet tall, and he boomed with importance, accomplishments, and the joy of living.","Tenía más de dos metros de altura, y bramaba con importancia, logros y la alegría de vivir.","Medía dos metros y su figura desprendía importancia, éxito y alegría de vivir.",94,20,1,3.95,84.5,17.5,1.0,4.051388888888889,4.924428900898052,1.8027756377319943,15,20,0.875,0.0901387818865997,0.75,1.0
60,77,-1.045363015390426,0.3839052536969204,"The medallion on her purple musette bag was the seal of the Service Division of the Federal Bureau of Termination, an eagle perched on a turnstile.","El medallón de su mochila morada era el sello de la División Servicios del Federal Bureau of Termination, un águila posada sobre un molinete.",El medallón en la bolsa violeta llevaba el escudo de la División de servicio de la Agencia Central de Extinción: un águila posada sobre un molinete.,147,28,1,4.357142857142857,150.5,28.25,1.0,4.436565302513578,6.576473218982953,1.479019945774904,26,30,1.0089285714285714,0.0528221409205322,0.9285714285714286,1.0714285714285714
148,178,-1.045566916678094,0.3838734567901234,Wehling continued to stare at the same spot on the wall.,Wehling siguió mirando con ojos vacíos el mismo punto de la pared.,Quejada seguía mirando al mismo punto de la pared.,56,12,1,3.8333333333333335,55.0,10.75,1.0,4.307692307692308,6.4031242374328485,1.299038105676658,10,13,0.8958333333333334,0.1082531754730547,0.8333333333333334,1.0833333333333333
117,141,-1.0554629258395745,0.3823302469135802,He saluted her and moved toward the door that led to the delivery rooms.,La saludó y se dirigió hacia la puerta que llevaba a las salas de parto.,Le hizo un saludo militar y se dirigió a la puerta de la sala de partos.,72,15,1,3.933333333333333,75.25,17.0,1.25,3.547939241486068,5.068283733178324,1.224744871391589,16,19,1.1333333333333333,0.0816496580927726,1.0666666666666669,1.2666666666666666
144,170,-1.1041298380270643,0.3747409997409997,"You don't believe in population control, Mr. Wehling?"""" he said.","-¿No cree en el control de la población, señor Wehling? ~~~ –dijo.","—¿No cree en el control de la población, señor Quejada? ~~~ —dijo.",64,17,3,3.3529411764705883,66.0,16.0,2.25,3.4809027777777777,2.1213203435596424,1.224744871391589,15,18,0.9411764705882352,0.0720438159642111,0.8823529411764706,1.0588235294117647
172,206,-1.121554129882318,0.3720238095238095,And then he shot Leora Duncan.,Y después le disparó a Leora Duncan.,"Acto seguido, le disparó a Salomé García.",30,7,1,3.571428571428572,36.25,8.0,1.0,3.820436507936508,2.8613807855648994,0.7071067811865476,7,9,1.1428571428571428,0.1010152544552211,1.0,1.2857142857142858
185,220~~~221~~~222,-1.1346064621729963,0.3699883942595126,"He let his paintbrush fall to the drop-cloths below. ~~~ And then he decided he had had about enough of life in the Happy Garden of Life, too, and he came slowly down from the ladder. ~~~ He took Wehling's pistol, really intending to shoot himself.","Dejó que los pinceles cayeran hasta los trapos de abajo. ~~~ Y después decidió que ya había tenido suﬁciente de la vida en el Jardín feliz de la Vida, también, y se bajó lentamente de la escalera. ~~~ Tomó la pistola de Wehling, con la intención real de pegarse un tiro.","Dejó caer el pincel a las telas que cubrían el suelo. ~~~ Y luego decidió que él también había tenido ya suficiente en El jardín feliz de la vida y bajó lentamente de la escalera. ~~~ Le quitó la pistola a Quejada, con la intención real de dispararse.",248,53,3,3.830188679245283,250.0,52.25,3.0,3.897909532346136,14.508618128546908,3.561951712193752,47,57,0.9858490566037736,0.0672066360791273,0.8867924528301887,1.0754716981132075
53,69,-1.148165246955206,0.3678740014524329,"Why don't you have a little consideration for the people who have to clean up after you?""""",¿Por qué no tienes un poco de consideración por la gente que tendrá que limpiar después de ti?,¿Por qué no tiene un poco de consideración por las personas que deberán limpiar después de usted?,90,21,2,3.619047619047619,96.75,19.25,1.5,4.175657894736842,3.2691742076555053,0.82915619758885,18,20,0.9166666666666669,0.0394836284566118,0.8571428571428571,0.9523809523809524
31,40,-1.1856162071714211,0.3620337995337995,"What makes you think you're not in it?"""" said the painter.",-¿Qué te hace pensar que no estás ahí? ~~~ –dijo el pintor.,—¿Y qué te hace pensar que no estás en el medio?,58,16,2,3.125,56.75,14.75,1.75,3.146971288515406,5.494315243958978,1.920286436967152,12,17,0.921875,0.120017902310447,0.75,1.0625
165,198,-1.1878220483743736,0.3616898148148148,"In a garden like that mural there.""""",En un jardín como el de este mural.,En un jardín como el de ese mural.,36,10,2,3.2,34.0,9.0,1.0,3.0840277777777776,3.24037034920393,0.7071067811865476,8,10,0.9,0.0707106781186547,0.8,1.0
54,70,-1.239037254159184,0.3537031799899447,The painter expressed with an obscenity his lack of concern for the tribulations of his survivors.,El pintor expresó con una obscenidad su falta de preocupación por las tribulaciones de sus sobrevivientes.,El pintor dijo una vulgaridad para expresar su falta de preocupación por las tribulaciones de sus supervivientes.,98,17,1,4.882352941176471,104.25,16.5,1.0,5.464869281045751,6.179603547154137,1.5,14,18,0.9705882352941176,0.088235294117647,0.8235294117647058,1.0588235294117647
145,171~~~172~~~173,-1.2702910461165255,0.3488293809017493,"""I think it's perfectly keen,"" said Wehling tautly. ~~~ ""Would you like to go back to the good old days, when the population of the Earth was twenty billion—about to become forty billion, then eighty billion, then one hundred and sixty billion? ~~~ Do you know what a drupelet is, Mr. Wehling?"" said Hitz.","-Creo que es perfectamente genial –dijo Wehling tensamente. ~~~ -¿Le gustaría volver a los viejos buenos tiempos, cuando la población de la Tierra era de veintidós mil millones… a punto de convertirse en cuarenta mil millones, después ochenta mil millones, después ciento sesenta mil millones? ~~~ ¿Sabe lo que es una drupéola? ~~~ –dijo Hitz. ~~~ -No –dijo Wehling malhumorado.","—Me parece una verdadera fiesta —dijo Quejada con cierta tensión. ~~~ —¿Le gustaría volver a los viejos tiempos, cuando la población de la Tierra era de veinte mil millones, a punto de convertirse en cuarenta, luego ochenta y luego ciento sesenta mil millones? ~~~ ¿Sabe lo que es una drupa, señor Quejada? ~~~ —dijo Atiza.",305,69,5,3.710144927536232,349.5,66.75,4.75,4.402270442029288,19.62778642639052,2.277608394786075,63,69,0.967391304347826,0.0330088173157402,0.9130434782608696,1.0
14,16,-1.2720472734068256,0.3485555101670298,"His camouflage was perfect, since the waiting room had a disorderly and demoralized air, too.","Su camuflaje era perfecto, porque la sala de espera también tenía un aspecto desordenado y desmoralizado.",El camuflaje era ideal porque la sala de espera ya tenía un aspecto desordenado y desmoralizador.,93,18,1,4.388888888888889,105.0,19.0,1.0,4.708858543417367,6.96419413859206,1.5811388300841898,17,21,1.0555555555555556,0.0878410461157883,0.9444444444444444,1.1666666666666667
183,218,-1.2805971342632514,0.3472222222222222,He thought of starvation.,Pensó en el hambre.,Pensó en la inanición.,25,5,1,4.4,20.75,5.0,1.0,3.55,1.7853571071357126,0.0,5,5,1.0,0.0,1.0,1.0
35,44~~~45,-1.3110080844948788,0.3424798581048581,"He was referring to one of the male figures in white, whose head was a portrait of Dr. Benjamin Hitz, the hospital's Chief Obstetrician. ~~~ Hitz was a blindingly handsome man.","Se estaba reﬁriendo a una de las ﬁguras masculinas de blanco, cuya cabeza era un retrato del Dr. Benjamin Hitz, el obstetra en jefe del hospital. ~~~ Hitz era un hombre apuesto hasta el encandilamiento.","Se refería a una de las figuras masculinas de blanco cuya cabeza era un retrato del doctor Benjamín Atiza, el jefe de Obstetricia del hospital. ~~~ Atiza era de una belleza arrolladora.",176,36,3,4.055555555555555,196.5,37.25,2.75,4.398076923076923,7.762087348130012,1.7853571071357126,35,39,1.034722222222222,0.0495932529759919,0.9722222222222222,1.0833333333333333
84,102~~~103,-1.314370888926524,0.3419554534759701,"As a master of fine art, I recommend this body here."""" ~~~ He indicated a faceless figure of a woman who was carrying dried stalks to a trash-burner.","Como un maestro de las bellas artes, recomiendo este cuerpo de aquí. ~~~ –Señaló la ﬁgura sin rostro de una mujer que estaba llevando tallos secos a un quemador de basura.","Como maestro de las bellas artes, le recomiendo este cuerpo de aquí. ~~~ —Y señaló a la figura sin rostro de una mujer que llevaba unas ramas secas al incinerador.",149,33,2,3.757575757575758,164.75,32.5,1.75,4.209426301679029,7.013380069552769,1.118033988749895,31,34,0.9848484848484848,0.0338798178409058,0.9393939393939394,1.0303030303030305
169,203,-1.3148525505914528,0.3418803418803419,The smile faded as he saw that Wehling had just drawn a revolver.,La sonrisa se esfumó cuando vio que Wehling acababa de extraer un revólver.,La sonrisa se disipó en cuanto vio que Quejada había sacado un revólver.,65,14,1,3.7857142857142856,74.0,14.0,1.0,4.428571428571428,2.1213203435596424,0.0,14,14,1.0,0.0,1.0,1.0
5,7,-1.314852550591453,0.3418803418803418,The population of the United States was stabilized at forty-million souls.,La población de Estados Unidos estaba estabilizada en cuarenta millones de almas.,La población del país se había estabilizado en cuarenta millones de almas.,74,12,1,5.333333333333333,82.0,14.0,1.0,5.017513736263736,5.244044240850758,1.224744871391589,13,16,1.1666666666666667,0.1020620726159657,1.0833333333333333,1.3333333333333333
63,80,-1.3221929969474957,0.3407356532356532,"Is this where I'm supposed to come?"""" she said to the painter.",-¿Es aquí adonde se supone que tenía que venir? ~~~ –le dijo al pintor.,—¿Es aquí donde se supone que tengo que venir? ~~~ —le dijo al pintor.,62,17,2,3.117647058823529,67.75,16.5,2.0,3.3851102941176467,2.7726341266023544,0.5,16,17,0.9705882352941176,0.0294117647058823,0.9411764705882352,1.0
164,197,-1.392578290564213,0.329759584145549,"He or she is going to live on a happy, roomy, clean, rich planet, thanks to population control.","Él o ella va a vivir en un planeta feliz, amplio, limpio, rico, gracias al control de la población.","Él o ella vivirá en un planeta rico, limpio, espacioso y feliz gracias al control de la población.",95,23,1,3.391304347826087,99.0,23.0,1.0,3.564829192546584,0.7071067811865476,1.224744871391589,21,24,1.0,0.0532497770170256,0.9130434782608696,1.0434782608695652
142,168,-1.4108533548512363,0.3269097222222222,"All I have to do is pick out which one of the triplets is going to live, then deliver my maternal grandfather to the Happy Hooligan, and come back here with a receipt.""""","Todo lo que tengo que hacer es elegir cuál de los mellizos va a vivir, después entregar a mi abuelo materno al Vándalo Feliz y volver aquí con un recibo.","Solo tengo que elegir cuál de los trillizos va a vivir, luego entregar a mi abuelo materno a Gamberro feliz y volver con el recibo.",169,38,2,3.657894736842105,151.5,32.25,1.25,3.845928649237473,12.599603168354152,3.344772040064913,27,36,0.8486842105263158,0.0880203168438134,0.7105263157894737,0.9473684210526316
167,201,-1.4467459196586316,0.3213125406107862,"Now centuries of peace and plenty stretch before us as far as the imagination cares to travel.""""","Ahora, siglos de paz y plenitud se extienden ante nosotros hasta donde la imaginación se atreve a viajar.","Ahora, siglos de paz y abundancia se extienden ante nosotros hasta donde alcanza la imaginación.",96,20,2,4.1,106.75,19.75,1.0,4.591596638655463,7.854139036202504,1.6393596310755,17,21,0.9875,0.081967981553775,0.85,1.05
9,11,-1.4848976391890758,0.3153630604288499,"Wehling was fifty-six, a mere stripling in a population whose average age was one hundred and twenty-nine.","Wehling tenía cincuenta y seis años, un auténtico mocoso en una población cuya edad promedio era de ciento veintinueve años.","Quejada tenía cincuenta y seis años, apenas un mozalbete si tenemos en cuenta que la población tenía una edad media de ciento veintinueve años.",106,19,1,4.7368421052631575,126.0,22.75,1.0,4.674408924408924,10.074720839804945,1.920286436967152,21,26,1.1973684210526316,0.1010677072087974,1.105263157894737,1.368421052631579
17,21,-1.4991988267281462,0.3131328953697374,"A sardonic old man, about two hundred years old, sat on a stepladder, painting a mural he did not like.","Un anciano sardónico, de unos doscientos años, estaba sentado sobre una escalera de tijera, pintando un mural que no le gustaba.","Un hombre mordaz, ya mayor, de unos doscientos años, estaba sentado en la escalera y pintaba un mural que no le gustaba.",103,24,1,3.5,123.75,24.75,1.0,4.203227424749164,2.8613807855648994,1.0897247358851685,23,26,1.03125,0.0454051973285486,0.9583333333333334,1.0833333333333333
177,211,-1.54778938162322,0.3055555555555556,"Nobody, seemingly, heard the shots.","Nadie, al parecer, oyó los disparos.","Nadie, al parecer, oyó los disparos.",35,8,1,3.875,39.5,8.5,1.0,4.159722222222222,3.5,0.5,8,9,1.0625,0.0625,1.0,1.125
147,176~~~177,-1.5508343075190605,0.3050807217473884,"Without population control, human beings would now be packed on this surface of this old planet like drupelets on a blackberry! ~~~ Think of it!""""""","¡Sin control de la población, los seres humanos estarían ahora apretujados en esta superficie de este viejo planeta como drupéolas en una mora! ~~~ ¡Piense en eso!","¡Sin control de la población, los seres humanos estaríamos comprimidos en la superficie de este viejo planeta como drupas en una mora! ~~~ ¡Imagínese!",147,31,3,4.064516129032258,161.0,30.0,2.5,4.556503882915173,6.442049363362563,1.8708286933869709,27,32,0.967741935483871,0.0603493126899022,0.8709677419354839,1.032258064516129
75,92,-1.5700554022365512,0.3020833333333333,He took a list of names from his smock pocket.,Sacó una lista de nombres del bolsillo de su guardapolvo.,Sacó una lista de nombres de la bata—.,46,11,1,3.363636363636364,50.5,10.5,1.0,3.9747474747474745,7.365459931328117,0.8660254037844386,9,11,0.9545454545454546,0.0787295821622216,0.8181818181818182,1.0
10,12,-1.631455640897554,0.2925084175084175,X-rays had revealed that his wife was going to have triplets.,Los rayos X habían revelado que su esposa iba a tener trillizos.,La ecografía había desvelado que su mujer iba a tener trillizos.,61,12,1,4.25,65.0,12.5,1.0,4.371794871794871,1.7320508075688772,0.5,12,13,1.0416666666666663,0.0416666666666666,1.0,1.0833333333333333
182,217,-1.725917546529866,0.2777777777777778,He thought of plague.,Pensó en la plaga.,Pensó en la peste.,21,5,1,3.6,18.5,5.0,1.0,3.1,0.8660254037844386,0.0,5,5,1.0,0.0,1.0,1.0
184,219,-1.725917546529866,0.2777777777777778,He knew that he would never paint again.,Sabía que nunca volvería a pintar.,Sabía que no volvería a pintar.,40,9,1,3.6666666666666665,33.25,7.0,1.0,4.035714285714286,1.299038105676658,0.0,7,7,0.7777777777777778,0.0,0.7777777777777778,0.7777777777777778
100,122,-1.9057584822529212,0.249732905982906,"He was responsible for setting up the very first gas chamber in Chicago.""""""",Fue el responsable de instalar la primera cámara de gas en Chicago.,Fue el responsable de instalar la primera cámara de gas de la ciudad.,75,17,2,3.882352941176471,69.25,14.75,1.25,3.954155219780219,1.7853571071357126,1.299038105676658,13,16,0.8676470588235294,0.076414006216274,0.7647058823529411,0.9411764705882352
141,167,-1.9958087054793296,0.2356902356902356,He gestured with his hands to symbolize care-free simplicity.,Hizo un gesto con las manos para simbolizar la sencillez despreocupada-.,Hizo un gesto con las manos que simbolizaba despreocupación—.,61,10,1,5.3,68.75,11.5,1.0,5.158333333333333,4.493050188902857,0.8660254037844386,10,12,1.15,0.0866025403784438,1.0,1.2
176,210,-2.0227978213742754,0.2314814814814814,Nobody came running.,Nadie llegó corriendo.,Nadie acudió corriendo.,20,4,1,4.5,21.75,4.0,1.0,4.9375,0.82915619758885,0.0,4,4,1.0,0.0,1.0,1.0
181,216,-2.17123795879648,0.2083333333333333,He thought of war.,Pensó en la guerra.,Pensó en la guerra.,18,5,1,3.0,19.5,5.0,1.0,3.3000000000000003,0.8660254037844386,0.0,5,5,1.0,0.0,1.0,1.0
19,24,-2.204974353665163,0.2030723905723905,The mural he was working on depicted a very neat garden.,El mural en el que estaba trabajando representaba un jardín muy limpio.,El mural en el que trabajaba representaba un jardín extremadamente cuidado.,56,12,1,3.8333333333333335,72.0,12.75,1.0,4.815705128205128,1.8708286933869709,0.4330127018922193,12,13,1.0625,0.0360843918243515,1.0,1.0833333333333333
127,152,-2.3196780962186856,0.1851851851851851,Nobody made three appointments with us.,Nadie hizo tres citas con nosotros.,Nadie concertó tres citas con nosotros.,39,7,1,4.857142857142857,36.5,7.5,1.0,4.254464285714286,1.5,0.5,7,8,1.0714285714285714,0.0714285714285714,1.0,1.1428571428571428
